Age,Gender,ParentalEducation,StudyTimeWeekly,Absences,Tutoring,ParentalSupport,Extracurricular,Sports,Music,Volunteering,StudyAbsenceRatio,SportsMusic,TotalSupport
0.9980183545794721,1.0002899761437647,0.9887010833640633,0.9955201855074072,0.9992656910221193,0.9923700883555113,0.9917446321513063,1.000165936468644,1.005225288124931,1.0045636999693397,0.9924778582211451,21.98197868564889,0.9969975491687993,1.4060694737030393
