Age,Gender,ParentalEducation,StudyTimeWeekly,Absences,Tutoring,ParentalSupport,Extracurricular,Sports,Music,Volunteering,StudyAbsenceRatio,SportsMusic,TotalSupport
-0.0016371315563587666,-0.0013526231171522706,-0.008128132603624386,-0.015070856846980157,0.010332020554074058,-0.017792937967604703,0.006739603418538096,-0.00039778428585656887,0.011803910226933787,0.005676350071614315,-0.00819435656031093,0.6347077918131658,-0.01910517330620641,-0.011053334549066639
